{
  "name": "adapt-contrib-plusport",
  "version": "0.0.1",
  "framework": "^2.0.0",
  "homepage": "",
  "issues": "",
  "displayName": "PlusPort",
  "theme": "plusport",
  "description": "A PlusPort theme",
  "main": "js/plusport.js",
  "keywords": [
    "adapt-plugin",
    "adapt-theme"
  ],
  "license": "GPLv3",
  "ignore": [
    "**/.*",
    "node_modules",
    "bower_components",
    "test",
    "tests"
  ],
  "_release": "2.0.3",
  "_resolution": {
    "type": "version",
    "tag": "v2.0.3",
    "commit": "e3d9d2cb30414982c3b3ece5e0686f00556442d2"
  },
  "_source": "git://github.com/adaptlearning/adapt-contrib-vanilla.git",
  "_target": "~2.0.3",
  "_originalSource": "adapt-contrib-plusport",
  "_direct": true
}